crop_type,region,year,price_birr_per_quintal
sorghum,amhara,2022,3302.0
wheat,snnpr,2023,5321.0
maize,amhara,2022,2824.0
wheat,tigray,2022,4686.0
sorghum,somali,2023,3642.0
wheat,tigray,2021,4484.0
teff,oromia,2023,8071.0
wheat,oromia,2021,3644.0
teff,snnpr,2024,8294.0
wheat,oromia,2024,5387.0
barley,snnpr,2024,4359.0
wheat,snnpr,2024,5898.0
sorghum,oromia,2023,3262.0
maize,oromia,2021,2714.0
sorghum,oromia,2021,2709.0
wheat,somali,2023,4846.0
maize,snnpr,2021,2823.0
maize,snnpr,2024,3007.0
teff,snnpr,2023,8598.0
sorghum,somali,2022,2972.0
barley,somali,2023,4965.0
maize,amhara,2024,3131.0
wheat,snnpr,2021,4588.0
wheat,somali,2024,5241.0
wheat,somali,2021,4400.0
teff,tigray,2023,7701.0
sorghum,tigray,2021,2723.0
sorghum,amhara,2023,3376.0
maize,oromia,2024,3186.0
barley,snnpr,2022,4181.0
teff,amhara,2022,7129.0
barley,tigray,2022,4359.0
sorghum,somali,2021,2559.0
wheat,amhara,2022,4900.0
maize,tigray,2022,3223.0
maize,oromia,2023,3074.0
sorghum,snnpr,2023,3493.0
maize,somali,2023,2979.0
wheat,amhara,2021,4409.0
wheat,oromia,2022,4538.0
wheat,tigray,2023,4310.0
wheat,somali,2022,4579.0
maize,snnpr,2023,3073.0
teff,somali,2023,8506.0
barley,oromia,2022,4179.0
sorghum,somali,2024,3399.0
barley,oromia,2024,4590.0
teff,tigray,2021,6879.0
maize,tigray,2021,2576.0
teff,amhara,2023,7289.0
barley,tigray,2024,5199.0
maize,oromia,2022,2725.0
barley,tigray,2021,3847.0
sorghum,snnpr,2022,2922.0
barley,somali,2022,4230.0
barley,amhara,2022,3997.0
maize,somali,2022,2712.0
barley,snnpr,2021,4284.0
maize,somali,2024,3497.0
teff,somali,2024,8811.0
barley,amhara,2021,4100.0
wheat,tigray,2024,5652.0
sorghum,tigray,2022,3106.0
teff,snnpr,2021,7325.0
wheat,amhara,2023,4590.0
barley,somali,2021,3748.0
maize,amhara,2023,2979.0
wheat,amhara,2024,5609.0
teff,somali,2021,7175.0
teff,oromia,2021,6396.0
maize,tigray,2024,3345.0
teff,oromia,2022,7669.0
barley,amhara,2024,4863.0
teff,amhara,2021,6650.0
barley,tigray,2023,4561.0
maize,amhara,2021,2403.0
teff,somali,2022,7269.0
teff,tigray,2024,8474.0
barley,amhara,2023,4644.0
maize,snnpr,2022,2767.0
sorghum,oromia,2022,3302.0
sorghum,oromia,2024,3503.0
sorghum,snnpr,2024,3577.0
maize,somali,2021,2495.0
barley,snnpr,2023,4735.0
barley,oromia,2023,4943.0
maize,tigray,2023,3078.0
teff,oromia,2024,8707.0
sorghum,amhara,2024,3400.0
teff,snnpr,2022,7653.0
barley,oromia,2021,3755.0
wheat,oromia,2023,4848.0
wheat,snnpr,2022,4873.0
sorghum,snnpr,2021,2747.0
teff,tigray,2022,7271.0
sorghum,tigray,2023,3605.0
teff,amhara,2024,7653.0
sorghum,amhara,2021,2706.0
sorghum,tigray,2024,3583.0
barley,somali,2024,5206.0
