region,year,month,avg_temp_c,monthly_rainfall_mm,extreme_heat_days
amhara,2021,apr,18.5,102.2,0.0
amhara,2021,aug,15.7,285.8,0.0
amhara,2021,dec,16.9,35.7,0.0
amhara,2021,feb,17.0,77.4,0.0
amhara,2021,jan,17.3,31.6,1.0
amhara,2021,jul,16.7,214.6,0.0
amhara,2021,jun,15.1,151.8,1.0
amhara,2021,mar,17.1,114.4,0.0
amhara,2021,may,17.7,78.8,0.0
amhara,2021,nov,18.5,38.1,0.0
amhara,2021,oct,18.5,25.9,1.0
amhara,2021,sep,15.1,271.9,0.0
amhara,2022,apr,19.7,46.5,0.0
amhara,2022,dec,18.6,14.3,0.0
amhara,2022,feb,19.6,62.5,0.0
amhara,2022,jan,19.8,13.9,0.0
amhara,2022,jul,17.9,113.1,0.0
amhara,2022,jun,16.4,128.7,0.0
amhara,2022,mar,19.8,67.5,0.0
amhara,2022,may,19.1,52.9,0.0
amhara,2022,nov,19.5,28.8,0.0
amhara,2022,sep,17.25,120.7,0.0
amhara,2023,apr,15.6,49.5,0.0
amhara,2023,aug,14.5,192.8,0.0
amhara,2023,feb,15.3,68.6,0.0
amhara,2023,jan,17.4,15.9,0.0
amhara,2023,jul,14.9,244.6,0.0
amhara,2023,jun,17.0,118.5,0.0
amhara,2023,mar,16.5,57.4,0.0
amhara,2023,may,15.9,54.3,0.0
amhara,2023,nov,16.0,21.4,0.0
amhara,2023,oct,16.3,17.8,0.0
amhara,2023,sep,14.4,153.5,0.0
amhara,2024,apr,18.2,38.3,0.0
amhara,2024,aug,16.7,69.3,0.0
amhara,2024,dec,17.75,12.1,0.0
amhara,2024,feb,19.1,65.3,0.0
amhara,2024,jan,17.6,15.4,0.0
amhara,2024,jul,15.4,123.7,0.0
amhara,2024,jun,15.7,133.5,0.0
amhara,2024,mar,16.9,79.8,0.0
amhara,2024,may,18.2,44.9,0.0
amhara,2024,nov,16.1,19.6,0.0
amhara,2024,oct,15.9,17.2,0.0
amhara,2024,sep,15.6,141.8,0.0
oromia,2021,apr,20.8,60.7,0.0
oromia,2021,aug,17.6,121.5,0.0
oromia,2021,dec,19.6,12.9,0.0
oromia,2021,feb,19.2,61.6,0.0
oromia,2021,jan,20.3,20.1,0.0
oromia,2021,jul,17.8,111.9,1.0
oromia,2021,jun,17.2,165.3,0.0
oromia,2021,mar,20.2,48.2,0.0
oromia,2021,may,20.6,48.2,0.0
oromia,2021,nov,19.1,18.6,0.0
oromia,2021,oct,21.4,14.4,0.0
oromia,2021,sep,18.2,147.1,0.0
oromia,2022,apr,20.9,96.4,0.0
oromia,2022,aug,18.5,211.8,0.0
oromia,2022,dec,20.3,26.1,0.0
oromia,2022,feb,20.8,86.9,0.0
oromia,2022,jul,19.2,120.1,0.0
oromia,2022,jun,18.2,265.8,0.0
oromia,2022,mar,20.9,97.5,0.0
oromia,2022,may,20.5,73.2,0.0
oromia,2022,nov,19.3,17.4,0.0
oromia,2022,oct,20.9,17.05,0.0
oromia,2022,sep,19.0,167.6,0.0
oromia,2023,apr,20.4,90.1,0.0
oromia,2023,aug,17.4,247.8,0.0
oromia,2023,dec,19.0,15.0,0.0
oromia,2023,feb,19.7,73.2,0.0
oromia,2023,jan,19.3,24.1,0.0
oromia,2023,jul,16.9,197.9,0.0
oromia,2023,jun,16.4,124.7,0.0
oromia,2023,mar,20.4,71.7,0.0
oromia,2023,may,19.9,72.5,0.0
oromia,2023,nov,18.1,24.0,0.0
oromia,2023,oct,18.8,19.7,0.0
oromia,2023,sep,18.3,141.8,0.0
oromia,2024,apr,20.2,55.8,0.0
oromia,2024,aug,19.1,185.1,0.0
oromia,2024,dec,17.7,13.2,0.0
oromia,2024,feb,18.2,78.5,0.0
oromia,2024,jan,18.6,29.9,0.0
oromia,2024,jul,17.0,205.7,0.0
oromia,2024,jun,17.3,157.8,1.0
oromia,2024,mar,20.1,92.5,0.0
oromia,2024,may,18.3,68.1,0.0
oromia,2024,nov,19.4,20.8,0.0
oromia,2024,sep,15.1,152.16666666666666,0.0
snnpr,2021,apr,21.6,71.8,0.0
snnpr,2021,aug,19.8,218.9,0.0
snnpr,2021,dec,21.4,21.8,0.0
snnpr,2021,feb,23.4,63.3,4.0
snnpr,2021,jan,23.5,30.4,6.0
snnpr,2021,jul,21.0,282.8,0.0
snnpr,2021,jun,18.5,203.7,0.0
snnpr,2021,mar,24.1,102.0,8.0
snnpr,2021,may,22.1,113.4,0.0
snnpr,2021,nov,22.3,24.0,0.0
snnpr,2021,oct,21.7,27.8,0.0
snnpr,2021,sep,21.5,207.0,0.0
snnpr,2022,apr,22.0,105.2,0.0
snnpr,2022,aug,18.4,227.2,1.0
snnpr,2022,feb,20.7,74.6,0.0
snnpr,2022,jan,20.0,23.7,0.0
snnpr,2022,jul,17.8,148.8,0.0
snnpr,2022,jun,18.7,209.1,0.0
snnpr,2022,mar,22.0,91.8,1.0
snnpr,2022,may,21.2,55.5,0.0
snnpr,2022,nov,20.9,29.5,0.0
snnpr,2022,oct,20.5,27.4,0.0
snnpr,2022,sep,17.9,114.2,0.0
snnpr,2023,apr,20.5,106.9,1.0
snnpr,2023,aug,18.1,180.2,0.0
snnpr,2023,dec,20.1,18.1,0.0
snnpr,2023,feb,21.0,109.1,0.0
snnpr,2023,jan,20.3,26.9,0.0
snnpr,2023,jul,18.1,169.8,0.0
snnpr,2023,jun,18.2,276.4,0.0
snnpr,2023,may,21.9,123.6,0.0
snnpr,2023,nov,19.1,29.8,0.0
snnpr,2023,oct,19.7,26.6,0.0
snnpr,2023,sep,20.2,139.5,0.0
snnpr,2024,apr,21.7,120.4,0.0
snnpr,2024,aug,17.4,124.3,0.0
snnpr,2024,dec,20.6,25.7,0.0
snnpr,2024,feb,20.2,96.5,0.0
snnpr,2024,jan,21.2,21.6,1.0
snnpr,2024,jul,19.4,133.4,0.0
snnpr,2024,jun,18.4,178.6,0.0
snnpr,2024,mar,22.3,81.4,0.0
snnpr,2024,may,21.5,77.0,0.0
snnpr,2024,nov,20.7,20.7,0.0
snnpr,2024,oct,20.1,21.5,0.0
snnpr,2024,sep,18.9,266.7,0.0
somali,2021,apr,31.1,39.8,14.0
somali,2021,aug,29.5,48.9,19.0
somali,2021,dec,30.5,8.2,12.0
somali,2021,feb,31.8,17.3,19.0
somali,2021,jan,29.3,6.2,12.0
somali,2021,jul,28.8,54.7,12.0
somali,2021,jun,28.8,36.5,18.0
somali,2021,mar,31.3,29.3,22.0
somali,2021,may,30.5,29.1,20.0
somali,2021,nov,30.7,8.2,26.0
somali,2021,oct,31.1,12.1,21.0
somali,2021,sep,29.3,46.7,13.0
somali,2022,apr,27.7,27.0,11.0
somali,2022,aug,25.1,66.0,2.0
somali,2022,dec,27.0,4.9,13.0
somali,2022,feb,27.0,37.7,4.0
somali,2022,jan,26.5,9.7,5.0
somali,2022,jul,25.5,47.7,4.0
somali,2022,jun,25.45,58.2,7.0
somali,2022,mar,27.2,37.1,13.0
somali,2022,may,27.8,22.1,13.0
somali,2022,oct,27.4,11.9,8.0
somali,2022,sep,23.1,81.6,3.0
somali,2023,apr,29.6,25.2,14.0
somali,2023,aug,27.8,56.1,12.0
somali,2023,dec,28.8,5.4,13.0
somali,2023,feb,29.3,38.1,11.0
somali,2023,jan,29.9,12.9,12.0
somali,2023,jul,28.2,84.3,16.0
somali,2023,mar,30.3,32.8,20.0
somali,2023,may,28.8,33.4,16.0
somali,2023,nov,29.9,6.9,13.0
somali,2023,oct,29.2,9.9,15.0
somali,2023,sep,27.8,66.3,13.0
somali,2024,apr,29.2,14.8,12.0
somali,2024,aug,26.4,44.4,12.0
somali,2024,dec,29.4,3.0,15.0
somali,2024,feb,30.75,15.3,18.0
somali,2024,jan,29.3,6.6,10.0
somali,2024,mar,32.0,20.6,21.0
somali,2024,may,29.7,16.7,12.0
somali,2024,nov,28.8,5.8,16.0
somali,2024,oct,28.3,3.9,10.0
somali,2024,sep,28.2,33.3,8.0
tigray,2021,apr,19.3,131.9,0.0
tigray,2021,aug,17.2,186.7,0.0
tigray,2021,dec,18.9,29.2,0.0
tigray,2021,feb,19.1,99.1,0.0
tigray,2021,jan,18.5,38.4,0.0
tigray,2021,jul,14.9,153.8,0.0
tigray,2021,jun,17.3,141.4,0.0
tigray,2021,mar,18.2,112.0,0.0
tigray,2021,may,18.6,112.6,0.0
tigray,2021,nov,18.1,27.5,0.0
tigray,2021,oct,17.9,30.1,0.0
tigray,2022,apr,18.0,109.5,0.0
tigray,2022,aug,14.2,133.8,0.0
tigray,2022,dec,17.6,32.8,0.0
tigray,2022,feb,18.9,70.6,0.0
tigray,2022,jan,18.6,15.5,0.0
tigray,2022,jul,16.5,90.4,0.0
tigray,2022,jun,14.3,193.0,0.0
tigray,2022,mar,17.5,106.5,0.0
tigray,2022,may,17.1,66.2,0.0
tigray,2022,nov,17.9,21.7,0.0
tigray,2022,oct,17.5,15.3,0.0
tigray,2022,sep,15.4,154.5,0.0
tigray,2023,apr,19.1,66.2,0.0
tigray,2023,aug,17.1,114.8,0.0
tigray,2023,dec,19.2,10.8,0.0
tigray,2023,jan,17.0,10.7,0.0
tigray,2023,jul,15.4,128.2,1.0
tigray,2023,jun,14.9,120.2,0.0
tigray,2023,mar,18.6,55.7,0.0
tigray,2023,may,17.8,63.1,0.0
tigray,2023,nov,16.9,11.9,0.0
tigray,2023,oct,17.0,17.5,0.0
tigray,2023,sep,14.1,91.6,0.0
tigray,2024,apr,20.8,53.6,0.0
tigray,2024,aug,19.6,110.5,0.0
tigray,2024,dec,20.0,6.8,0.0
tigray,2024,feb,22.0,49.7,1.0
tigray,2024,jan,19.8,11.2,0.0
tigray,2024,jul,19.4,85.0,0.0
tigray,2024,jun,18.2,110.3,0.0
tigray,2024,mar,20.9,64.4,0.0
tigray,2024,may,21.7,30.7,0.0
tigray,2024,nov,20.4,11.3,0.0
tigray,2024,oct,21.1,10.7,0.0
